name,sentiment,node,degree,degree centrality,betweenness centrality,closeness centrality
pos_all.gml,pos,11-12 years of age,1,0.00105596620908,0.0,0.0
pos_all.gml,pos,11-18 year olds,1,0.00105596620908,0.0,0.0
pos_all.gml,pos,16 years of age,1,0.00105596620908,0.0,0.0
pos_all.gml,pos,2014-2015 FLULAVAL QUADRIVALENT flu vaccine,7,0.00739176346357,1.22786768498e-05,0.00422386483633
pos_all.gml,pos,86% vaccination coverage,3,0.00316789862724,0.000715511987337,0.0503543474238
pos_all.gml,pos,92 to 94 percent vaccination coverage,4,0.00422386483633,0.0,0.0
pos_all.gml,pos,ASD,10,0.0105596620908,0.0014162470389,0.0126808573705
pos_all.gml,pos,ASD rate,1,0.00105596620908,0.0,0.00190073917635
pos_all.gml,pos,ASD risk,3,0.00316789862724,0.000162971529097,0.0120130349377
pos_all.gml,pos,Afghanistan,1,0.00105596620908,0.0,0.0
pos_all.gml,pos,Age of Autism,2,0.00211193241816,0.0,0.0478742620356
pos_all.gml,pos,American Medical Association,5,0.00527983104541,0.0,0.00422386483633
pos_all.gml,pos,Americans,1,0.00105596620908,0.0,0.00954096527735
pos_all.gml,pos,Amish,3,0.00316789862724,0.000492263317341,0.0583038397716
pos_all.gml,pos,Andrew Wakefield,3,0.00316789862724,0.0,0.00316789862724
pos_all.gml,pos,Arizona Deparment of Health Services,1,0.00105596620908,0.0,0.00345588941154
pos_all.gml,pos,Arizona Department of Health Services,1,0.00105596620908,0.0,0.0
pos_all.gml,pos,Assembly,1,0.00105596620908,0.0,0.0
pos_all.gml,pos,Australian social services minister,1,0.00105596620908,0.0,0.0
pos_all.gml,pos,Babies,1,0.00105596620908,0.0,0.00105596620908
pos_all.gml,pos,Babies at 2 months,1,0.00105596620908,0.0,0.00105596620908
pos_all.gml,pos,CDC,4,0.00422386483633,0.0,0.0142233497309
pos_all.gml,pos,California,5,0.00527983104541,0.0011679626252,0.0591488229567
pos_all.gml,pos,California Coalition for Health Choice,3,0.00316789862724,0.000356081628644,0.0433465822518
pos_all.gml,pos,California Senate,1,0.00105596620908,0.0,0.0
pos_all.gml,pos,California governor,2,0.00211193241816,0.0,0.0474883354457
pos_all.gml,pos,Caregivers,1,0.00105596620908,0.0,0.0617245820388
pos_all.gml,pos,Carribean,1,0.00105596620908,0.0,0.00140795494544
pos_all.gml,pos,Catholic Church,1,0.00105596620908,0.0,0.00105596620908
pos_all.gml,pos,Catholic parents,3,0.00316789862724,0.0,0.00377130788958
pos_all.gml,pos,Catholics,2,0.00211193241816,0.0,0.0560554613758
pos_all.gml,pos,Cervarix,3,0.00316789862724,0.0,0.0120956129404
pos_all.gml,pos,Children,1,0.00105596620908,0.0,0.00105596620908
pos_all.gml,pos,Christian Scientists,2,0.00211193241816,0.0,0.00211193241816
pos_all.gml,pos,Church of the First Born,2,0.00211193241816,0.0,0.00105596620908
pos_all.gml,pos,Close contacts,1,0.00105596620908,0.0,0.0617245820388
pos_all.gml,pos,Colorado,2,0.00211193241816,3.34873004994e-06,0.0440631376569
pos_all.gml,pos,Department of Public Health Immunization Program,1,0.00105596620908,0.0,0.00140795494544
pos_all.gml,pos,Disneyland,2,0.00211193241816,0.0,0.0
pos_all.gml,pos,Disneyland measles outbreak,3,0.00316789862724,0.0,0.00422386483633
pos_all.gml,pos,Disneyland oubreak,1,0.00105596620908,0.0,0.0588338991334
pos_all.gml,pos,Disneyland outbreak,4,0.00422386483633,0.000357197871994,0.0595106988497
pos_all.gml,pos,Dr. Adams,4,0.00422386483633,0.0,0.0787612615511
pos_all.gml,pos,Dr. Bill Adams,2,0.00211193241816,1.11624334998e-06,0.00105596620908
pos_all.gml,pos,Dr. Bryan King,3,0.00316789862724,0.0,0.00316789862724
pos_all.gml,pos,Dr. Mark Schleiss,3,0.00316789862724,0.0,0.00450545582541
pos_all.gml,pos,Dr. Paul Offit,3,0.00316789862724,0.0,0.00316789862724
pos_all.gml,pos,Dutch Bible belt,1,0.00105596620908,0.0,0.0
pos_all.gml,pos,Dutch Reformed Churches,1,0.00105596620908,0.0,0.00345588941154
pos_all.gml,pos,Dutch reformed churches,4,0.00422386483633,0.000452078556742,0.00237592397043
pos_all.gml,pos,Eagle Mountain International Church,3,0.00316789862724,0.00223639355169,0.0381976200088
pos_all.gml,pos,Early Childhood Australia,3,0.00316789862724,0.000164087772447,0.00105596620908
pos_all.gml,pos,Early Childhood Australia's chief executive,1,0.00105596620908,0.0,0.0
pos_all.gml,pos,End Time Ministries,2,0.00211193241816,0.0,0.00105596620908
pos_all.gml,pos,Faith Assembly,2,0.00211193241816,0.0,0.00105596620908
pos_all.gml,pos,Faith Tabernacle,2,0.00211193241816,0.0,0.00105596620908
pos_all.gml,pos,Families,1,0.00105596620908,0.0,0.00105596620908
pos_all.gml,pos,Federal Circuit,1,0.00105596620908,0.0,0.00105596620908
pos_all.gml,pos,First Century Gospel Church,2,0.00211193241816,0.0,0.00105596620908
pos_all.gml,pos,GSK flu vaccine recall,1,0.00105596620908,0.0,0.00140795494544
pos_all.gml,pos,Gardasil,12,0.012671594509,0.000808160185386,0.0149517339339
pos_all.gml,pos,Gardasil 4,1,0.00105596620908,0.0,0.00105596620908
pos_all.gml,pos,Gardasil 9,1,0.00105596620908,0.0,0.00105596620908
pos_all.gml,pos,Gardasil vaccine,1,0.00105596620908,0.0,0.0
pos_all.gml,pos,German measles,1,0.00105596620908,0.0,0.0
pos_all.gml,pos,GlaxoSmithKline,2,0.00211193241816,0.0,0.00380147835269
pos_all.gml,pos,Governor Jerry Brown,2,0.00211193241816,0.0,0.0440413517387
pos_all.gml,pos,HPV,3,0.00316789862724,0.0,0.0
pos_all.gml,pos,HPV Vaccine Trial in Costa Rica,4,0.00422386483633,0.0,0.00608437672852
pos_all.gml,pos,HPV infection,2,0.00211193241816,0.0,0.0
pos_all.gml,pos,HPV strains,3,0.00316789862724,0.0,0.0
pos_all.gml,pos,HPV vaccination rates,1,0.00105596620908,0.0,0.00105596620908
pos_all.gml,pos,HPV vaccine,27,0.0285110876452,0.00586206357676,0.026818189437
pos_all.gml,pos,HPV vaccine benefits,3,0.00316789862724,0.0,0.00316789862724
pos_all.gml,pos,HPV vaccine recommendations,3,0.00316789862724,2.23248669996e-06,0.00211193241816
pos_all.gml,pos,Healthcare professionals,1,0.00105596620908,0.0,0.00105596620908
pos_all.gml,pos,Hib disease,2,0.00211193241816,0.0,0.00211193241816
pos_all.gml,pos,Hilary Clinton,1,0.00105596620908,0.0,0.0562907363875
pos_all.gml,pos,Hinduism,2,0.00211193241816,0.0,0.0591270913218
pos_all.gml,pos,Hollywood celebrities,1,0.00105596620908,0.0,0.00105596620908
pos_all.gml,pos,Immunization programs,1,0.00105596620908,0.0,0.00105596620908
pos_all.gml,pos,India,1,0.00105596620908,0.0,0.038550009721
pos_all.gml,pos,Infants,1,0.00105596620908,0.0,0.00105596620908
pos_all.gml,pos,Infants and young children,1,0.00105596620908,0.0,0.00105596620908
pos_all.gml,pos,Institute of Medicine,2,0.00211193241816,0.0,0.00211193241816
pos_all.gml,pos,Islamic principles,2,0.00211193241816,0.0,0.0
pos_all.gml,pos,JAMA paper,2,0.00211193241816,0.0,0.00812281699293
pos_all.gml,pos,JAMA study,4,0.00422386483633,0.0,0.00422386483633
pos_all.gml,pos,Jain study,16,0.0168954593453,0.00111066213323,0.0546613504678
pos_all.gml,pos,Jehovah's Witnesses,3,0.00316789862724,0.00114519126086,0.0693548943689
pos_all.gml,pos,Jehovah's witnesses,1,0.00105596620908,0.0,0.0
pos_all.gml,pos,Jewish dietary laws,1,0.00105596620908,0.0,0.0
pos_all.gml,pos,Jews,5,0.00527983104541,0.00119430596826,0.0694456730264
pos_all.gml,pos,Jill Hennessy,2,0.00211193241816,0.000162971529097,0.00105596620908
pos_all.gml,pos,Johns Hopkins University,1,0.00105596620908,0.0,0.0
pos_all.gml,pos,Journal of the American Medical Association,1,0.00105596620908,0.0,0.0
pos_all.gml,pos,Libya,2,0.00211193241816,0.0,0.0488914559327
pos_all.gml,pos,Los Angeles,2,0.00211193241816,0.0,0.00491430428072
pos_all.gml,pos,Los Angeles County,1,0.00105596620908,0.0,0.00105596620908
pos_all.gml,pos,MMR shots,2,0.00211193241816,0.0,0.0
pos_all.gml,pos,MMR vaccine,17,0.0179514255544,0.00246830639626,0.0156253461428
pos_all.gml,pos,MMR vaccine and ASD,1,0.00105596620908,0.0,0.0
pos_all.gml,pos,MMR vaccine and autism,2,0.00211193241816,0.0,0.00237592397043
pos_all.gml,pos,MMR vaccine and autism link,1,0.00105596620908,0.0,0.0
pos_all.gml,pos,MMR vaccine does not cause autism,3,0.00316789862724,0.0,0.0
pos_all.gml,pos,MMR vaccine doesn't trigger autism,1,0.00105596620908,0.0,0.0
pos_all.gml,pos,MMR vaccine is safe,1,0.00105596620908,0.0,0.0
pos_all.gml,pos,MMR vaccine safety,2,0.00211193241816,0.0,0.0
pos_all.gml,pos,MMR vaccine-ASD link,2,0.00211193241816,3.34873004994e-06,0.00190073917635
pos_all.gml,pos,MMR vaccine-autism link,16,0.0168954593453,0.00192360621869,0.00984433014273
pos_all.gml,pos,MMR vaccines,1,0.00105596620908,0.0,0.00105596620908
pos_all.gml,pos,Merck,1,0.00105596620908,0.0,0.00660956627166
pos_all.gml,pos,Michael Mina,2,0.00211193241816,0.0,0.00211193241816
pos_all.gml,pos,Mina study,5,0.00527983104541,0.000343802951794,0.0756647655407
pos_all.gml,pos,Mina team,2,0.00211193241816,0.0,0.00211193241816
pos_all.gml,pos,Minnesota,1,0.00105596620908,0.0,0.0
pos_all.gml,pos,Mississippi,3,0.00316789862724,0.0,0.0427990087884
pos_all.gml,pos,Muslim fundamentalists,4,0.00422386483633,0.00147232497862,0.00672483743678
pos_all.gml,pos,Muslim leaders,1,0.00105596620908,0.0,0.00105596620908
pos_all.gml,pos,Muslims,2,0.00211193241816,0.0,0.0560554613758
pos_all.gml,pos,NIH and partners,4,0.00422386483633,0.0,0.00422386483633
pos_all.gml,pos,National Infant Immunization Week,2,0.00211193241816,0.0,0.00211193241816
pos_all.gml,pos,National Institutes of Health,1,0.00105596620908,0.0,0.0
pos_all.gml,pos,Neisseria meningitidis bacteria,3,0.00316789862724,4.18591256243e-05,0.00105596620908
pos_all.gml,pos,Nepal,1,0.00105596620908,0.0,0.038550009721
pos_all.gml,pos,Netherlands Reformed Congregation,2,0.00211193241816,0.0,0.0
pos_all.gml,pos,Nigeria,1,0.00105596620908,0.0,0.0
pos_all.gml,pos,Northern Hemisphere flu vaccine,1,0.00105596620908,0.0,0.00105596620908
pos_all.gml,pos,Ohio,2,0.00211193241816,3.34873004994e-06,0.0440631376569
pos_all.gml,pos,Orthodox Jewish communities,1,0.00105596620908,0.0,0.0
pos_all.gml,pos,Pakistan,1,0.00105596620908,0.0,0.0
pos_all.gml,pos,Pan American Health Organization,1,0.00105596620908,0.0,0.00237592397043
pos_all.gml,pos,Parents,1,0.00105596620908,0.0,0.00105596620908
pos_all.gml,pos,Partners,1,0.00105596620908,0.0,0.00105596620908
pos_all.gml,pos,Pennsylvania,1,0.00105596620908,0.0,0.0
pos_all.gml,pos,Polio,1,0.00105596620908,0.0,0.0
pos_all.gml,pos,Prabhupada Village,1,0.00105596620908,0.0,0.0
pos_all.gml,pos,Pregnant women,1,0.00105596620908,0.0,0.0617245820388
pos_all.gml,pos,Princeton University,1,0.00105596620908,0.0,0.0
pos_all.gml,pos,Programs,1,0.00105596620908,0.0,0.00105596620908
pos_all.gml,pos,Public health officials,1,0.00105596620908,0.0,0.00105596620908
pos_all.gml,pos,"Robert F. Kennedy, Jr.",2,0.00211193241816,0.000708814527237,0.0591270913218
pos_all.gml,pos,SB 277,21,0.0221752903907,0.00723428013094,0.0491263835113
pos_all.gml,pos,SB 277 critics,1,0.00105596620908,0.0,0.00105596620908
pos_all.gml,pos,Samantha Page,1,0.00105596620908,0.0,0.00105596620908
pos_all.gml,pos,Scott Morrison,1,0.00105596620908,0.0,0.00105596620908
pos_all.gml,pos,Seattle Children's Hospital,1,0.00105596620908,0.0,0.0
pos_all.gml,pos,Senator Jeff Stone,1,0.00105596620908,0.0,0.00140795494544
pos_all.gml,pos,Senator Pan,2,0.00211193241816,0.0,0.00211193241816
pos_all.gml,pos,Senator Rand Paul,2,0.00211193241816,0.0,0.00211193241816
pos_all.gml,pos,"Sydney, Australia",1,0.00105596620908,0.0,0.0
pos_all.gml,pos,Tanzania,2,0.00211193241816,0.0,0.0488914559327
pos_all.gml,pos,Tdap,3,0.00316789862724,0.000264549673945,0.00211193241816
pos_all.gml,pos,Tdap vaccine,9,0.00950369588173,0.0104697726085,0.075150841632
pos_all.gml,pos,The Children's Hospital of Philadelphia,1,0.00105596620908,0.0,0.0
pos_all.gml,pos,The Church,1,0.00105596620908,0.0,0.0591270913218
pos_all.gml,pos,The Lancet,1,0.00105596620908,0.0,0.00105596620908
pos_all.gml,pos,U.S.,2,0.00211193241816,0.0,0.0
pos_all.gml,pos,U.S. children,1,0.00105596620908,0.0,0.0
pos_all.gml,pos,United States,8,0.00844772967265,0.00141204783773,0.0653056164088
pos_all.gml,pos,University of Minnesota,1,0.00105596620908,0.0,0.0
pos_all.gml,pos,VPD,1,0.00105596620908,0.0,0.0
pos_all.gml,pos,Vaccination,1,0.00105596620908,0.0,0.00105596620908
pos_all.gml,pos,Vaccine Education Center,1,0.00105596620908,0.0,0.0
pos_all.gml,pos,Vaccine Free Family Day Care,1,0.00105596620908,0.0,0.00105596620908
pos_all.gml,pos,Vaccines,3,0.00316789862724,0.0,0.00316789862724
pos_all.gml,pos,Victoria's health minister,1,0.00105596620908,0.0,0.0
pos_all.gml,pos,Victorian government,1,0.00105596620908,0.0,0.0432812149306
pos_all.gml,pos,Wakefield study,8,0.00844772967265,0.000872902299685,0.00782498036986
pos_all.gml,pos,Waldorf School of Princeton,2,0.00211193241816,0.0,0.00211193241816
pos_all.gml,pos,Washington State public-private pilot program,1,0.00105596620908,0.0,0.0381193633991
pos_all.gml,pos,West Virginia,3,0.00316789862724,0.0,0.0427990087884
pos_all.gml,pos,Western Hemisphere,1,0.00105596620908,0.0,0.0
pos_all.gml,pos,William Moss,5,0.00527983104541,1.45111635497e-05,0.0628812206777
pos_all.gml,pos,World Health Organization,2,0.00211193241816,0.0,0.0604231790411
pos_all.gml,pos,abnormal cells,1,0.00105596620908,0.0,0.0
pos_all.gml,pos,aborted fetuses,3,0.00316789862724,0.0,0.0
pos_all.gml,pos,absolute objection,2,0.00211193241816,0.0,0.00105596620908
pos_all.gml,pos,activism,2,0.00211193241816,0.0,0.00105596620908
pos_all.gml,pos,adult vaccination program,2,0.00211193241816,1.11624334998e-06,0.00105596620908
pos_all.gml,pos,adults,2,0.00211193241816,2.12086236496e-05,0.00501583949314
pos_all.gml,pos,age 11 or 12,1,0.00105596620908,0.0,0.0
pos_all.gml,pos,age 26,1,0.00105596620908,0.0,0.0
pos_all.gml,pos,age of onset of ASD,1,0.00105596620908,0.0,0.00105596620908
pos_all.gml,pos,ages 11 or 12,1,0.00105596620908,0.0,0.0
pos_all.gml,pos,ages 14 to 17,1,0.00105596620908,0.0,0.00140795494544
pos_all.gml,pos,allergies,1,0.00105596620908,0.0,0.0
pos_all.gml,pos,alternative explanation,1,0.00105596620908,0.0,0.04670110158
pos_all.gml,pos,alternative to vaccines,1,0.00105596620908,0.0,0.0
pos_all.gml,pos,angry California parents,4,0.00422386483633,0.000356081628644,0.0436011854072
pos_all.gml,pos,annual tuition,1,0.00105596620908,0.0,0.0
pos_all.gml,pos,answers,1,0.00105596620908,0.0,0.0
pos_all.gml,pos,anti-vaccine,3,0.00316789862724,0.00262261375078,0.0429259661749
pos_all.gml,pos,anti-vaccine advocates,1,0.00105596620908,0.0,0.00105596620908
pos_all.gml,pos,anti-vaccine agenda,1,0.00105596620908,0.0,0.0
pos_all.gml,pos,anti-vaccine argument,1,0.00105596620908,0.0,0.00140795494544
pos_all.gml,pos,anti-vaccine eugenics community,2,0.00211193241816,0.0,0.00105596620908
pos_all.gml,pos,anti-vaccine group,1,0.00105596620908,0.0,0.0
pos_all.gml,pos,anti-vaccine groups,3,0.00316789862724,0.0,0.0
pos_all.gml,pos,anti-vaccine movement,1,0.00105596620908,0.0,0.0
pos_all.gml,pos,anti-vaccine views,2,0.00211193241816,0.0,0.0656421364706
pos_all.gml,pos,anti-vaccine website,14,0.0147835269271,0.0,0.0147835269271
pos_all.gml,pos,anti-vax movement,3,0.00316789862724,0.0,0.00800311232146
pos_all.gml,pos,anti-vaxxer,5,0.00527983104541,0.0,0.0391863995785
pos_all.gml,pos,antibiotics,3,0.00316789862724,0.000795490823363,0.0116636267639
pos_all.gml,pos,antivaccine movement,4,0.00422386483633,0.000208737506446,0.0127771911299
pos_all.gml,pos,any shot,1,0.00105596620908,0.0,0.0
pos_all.gml,pos,anyone,1,0.00105596620908,0.0,0.0116636267639
pos_all.gml,pos,argument,1,0.00105596620908,0.0,0.0
pos_all.gml,pos,arguments,1,0.00105596620908,0.0,0.0
pos_all.gml,pos,arm,1,0.00105596620908,0.0,0.0
pos_all.gml,pos,arm side effects,4,0.00422386483633,0.0,0.00422386483633
pos_all.gml,pos,at risk,3,0.00316789862724,0.0,0.0
pos_all.gml,pos,at-risk children,1,0.00105596620908,0.0,0.0
pos_all.gml,pos,at-risk unvaccinated children,1,0.00105596620908,0.0,0.00105596620908
pos_all.gml,pos,at-risk vaccinated children,1,0.00105596620908,0.0,0.00105596620908
pos_all.gml,pos,autism,14,0.0147835269271,0.000506030318658,0.00241363704933
pos_all.gml,pos,autism diagnosis,1,0.00105596620908,0.0,0.0
pos_all.gml,pos,autism risk,9,0.00950369588173,0.000206505019746,0.00105596620908
pos_all.gml,pos,autism specialist,1,0.00105596620908,0.0,0.0
pos_all.gml,pos,autism spectrum disorder,2,0.00211193241816,0.0,0.0550839493136
pos_all.gml,pos,autism spectrum disorders,1,0.00105596620908,0.0,0.0
pos_all.gml,pos,autism-linked genes,1,0.00105596620908,0.0,0.00105596620908
pos_all.gml,pos,babies,1,0.00105596620908,0.0,0.0438896534842
pos_all.gml,pos,baby,2,0.00211193241816,0.0,0.0
pos_all.gml,pos,backfire,1,0.00105596620908,0.0,0.0
pos_all.gml,pos,bacteria,1,0.00105596620908,0.0,0.00140795494544
pos_all.gml,pos,bad news,1,0.00105596620908,0.0,0.0
pos_all.gml,pos,becomes cancer,1,0.00105596620908,0.0,0.0
pos_all.gml,pos,behavioral interventions,1,0.00105596620908,0.0,0.0
pos_all.gml,pos,behavioral science research,1,0.00105596620908,0.0,0.00140795494544
pos_all.gml,pos,benefits,2,0.00211193241816,0.0,0.0
pos_all.gml,pos,best-sellers,1,0.00105596620908,0.0,0.0
pos_all.gml,pos,better aerosol vaccine,1,0.00105596620908,0.0,0.00105596620908
pos_all.gml,pos,better health care,3,0.00316789862724,0.00700915245131,0.0613369875054
pos_all.gml,pos,biologically-predisposed children,1,0.00105596620908,0.0,0.00105596620908
pos_all.gml,pos,birth defects,4,0.00422386483633,0.00830537675286,0.0519906851467
pos_all.gml,pos,body,1,0.00105596620908,0.0,0.00105596620908
pos_all.gml,pos,books,1,0.00105596620908,0.0,0.0
pos_all.gml,pos,booster dose,1,0.00105596620908,0.0,0.0
pos_all.gml,pos,boys,4,0.00422386483633,0.000159436758489,0.0117329578787
pos_all.gml,pos,brain damage,2,0.00211193241816,0.0,0.0
pos_all.gml,pos,brain development,1,0.00105596620908,0.0,0.0
pos_all.gml,pos,cancer,4,0.00422386483633,0.0,0.0
pos_all.gml,pos,cancer-causing types of HPV,1,0.00105596620908,0.0,0.0
pos_all.gml,pos,careers,1,0.00105596620908,0.0,0.0
pos_all.gml,pos,carefully conducted study,1,0.00105596620908,0.0,0.0
pos_all.gml,pos,caregivers,1,0.00105596620908,0.0,0.0
pos_all.gml,pos,carrier,2,0.00211193241816,0.000909738330234,0.00293323946967
pos_all.gml,pos,carriers,2,0.00211193241816,1.11624334998e-06,0.00105596620908
pos_all.gml,pos,cases,1,0.00105596620908,0.0,0.0
pos_all.gml,pos,celebrity status,1,0.00105596620908,0.0,0.0
pos_all.gml,pos,cervical cancer,6,0.00633579725449,0.00053914553804,0.00190073917635
pos_all.gml,pos,cervical dysplasia,11,0.0116156282999,0.0006795131393,0.0117329578787
pos_all.gml,pos,challenge,1,0.00105596620908,0.0,0.0
pos_all.gml,pos,change in compliance,1,0.00105596620908,0.0,0.0
pos_all.gml,pos,change in mindset of families,1,0.00105596620908,0.0,0.0
pos_all.gml,pos,chelators,1,0.00105596620908,0.0,0.0
pos_all.gml,pos,child,1,0.00105596620908,0.0,0.0100316789863
pos_all.gml,pos,child with autism,1,0.00105596620908,0.0,0.0
pos_all.gml,pos,child's doctor,1,0.00105596620908,0.0,0.0
pos_all.gml,pos,childcare,3,0.00316789862724,0.0,0.0
pos_all.gml,pos,childcare benefits,1,0.00105596620908,0.0,0.0
pos_all.gml,pos,childcare rebate,1,0.00105596620908,0.0,0.0
pos_all.gml,pos,childhood deaths,1,0.00105596620908,0.0,0.00337909186906
pos_all.gml,pos,childhood deaths from infectious diseases,1,0.00105596620908,0.0,0.0
pos_all.gml,pos,childhood infectious disease mortality,1,0.00105596620908,0.0,0.0
pos_all.gml,pos,childhood mortality,4,0.00422386483633,0.000179715179347,0.00661126670034
pos_all.gml,pos,children,20,0.0211193241816,0.0244328048612,0.0752574385705
pos_all.gml,pos,children at higher risk for autism,5,0.00527983104541,0.000379522738993,0.00211193241816
pos_all.gml,pos,children at increased genetic risk,2,0.00211193241816,0.000104182712665,0.00140795494544
pos_all.gml,pos,children with ASD,3,0.00316789862724,0.0,0.00316789862724
pos_all.gml,pos,children with affected older sibling,3,0.00316789862724,0.0,0.0105889944855
pos_all.gml,pos,children with affected older sibling and who had received MMR vaccine,1,0.00105596620908,0.0,0.0100316789863
pos_all.gml,pos,children with cancer,3,0.00316789862724,0.000177482692647,0.0548170056094
pos_all.gml,pos,children with family history of autism,1,0.00105596620908,0.0,0.00698230717842
pos_all.gml,pos,children with immunosuppressive diseases,3,0.00316789862724,0.000177482692647,0.0548170056094
pos_all.gml,pos,children with neurodevelopmental issues,2,0.00211193241816,0.000709930770587,0.0493910855352
pos_all.gml,pos,children without affected older sibling,1,0.00105596620908,0.0,0.00140795494544
pos_all.gml,pos,choice to not vaccinate younger child,4,0.00422386483633,0.0,0.00422386483633
pos_all.gml,pos,choosing not to vaccinate children,3,0.00316789862724,0.0,0.0
pos_all.gml,pos,church,1,0.00105596620908,0.0,0.0
pos_all.gml,pos,church congregation,1,0.00105596620908,0.0,0.0
pos_all.gml,pos,church mission work,1,0.00105596620908,0.0,0.00105596620908
pos_all.gml,pos,close contacts,4,0.00422386483633,0.000732367261922,0.0488324843002
pos_all.gml,pos,cluster,4,0.00422386483633,2.79060837495e-05,0.00105596620908
pos_all.gml,pos,colleges,1,0.00105596620908,0.0,0.0
pos_all.gml,pos,commitment,1,0.00105596620908,0.0,0.0
pos_all.gml,pos,common side effects,3,0.00316789862724,0.0,0.00316789862724
pos_all.gml,pos,communicable diseases,1,0.00105596620908,0.0,0.0
pos_all.gml,pos,communities,1,0.00105596620908,0.0,0.0
pos_all.gml,pos,community,5,0.00527983104541,0.0,0.0
pos_all.gml,pos,community advocates,1,0.00105596620908,0.0,0.0
pos_all.gml,pos,community events,1,0.00105596620908,0.0,0.0
pos_all.gml,pos,community health,1,0.00105596620908,0.0,0.00974429577747
pos_all.gml,pos,community members,2,0.00211193241816,0.0,0.0546486831766
pos_all.gml,pos,community-level,3,0.00316789862724,4.37939474309e-05,0.00105596620908
pos_all.gml,pos,community-level immunization rates,1,0.00105596620908,0.0,0.00105596620908
pos_all.gml,pos,complications,1,0.00105596620908,0.0,0.0
pos_all.gml,pos,compromise,2,0.00211193241816,0.0,0.0388738171311
pos_all.gml,pos,computer models,1,0.00105596620908,0.0,0.0
pos_all.gml,pos,concerns,1,0.00105596620908,0.0,0.0
pos_all.gml,pos,confusion,1,0.00105596620908,0.0,0.0
pos_all.gml,pos,conscientious objectors,1,0.00105596620908,0.0,0.0
pos_all.gml,pos,conspiracy,3,0.00316789862724,8.14857645486e-05,0.00105596620908
pos_all.gml,pos,conspiracy theories,2,0.00211193241816,0.000354965385294,0.0505676128952
pos_all.gml,pos,controversial bill,3,0.00316789862724,0.000323710571494,0.00211193241816
pos_all.gml,pos,controversy,1,0.00105596620908,0.0,0.0
pos_all.gml,pos,course of ASD,1,0.00105596620908,0.0,0.00105596620908
pos_all.gml,pos,creams,1,0.00105596620908,0.0,0.0
pos_all.gml,pos,critical period,1,0.00105596620908,0.0,0.0
pos_all.gml,pos,critics,1,0.00105596620908,0.0,0.0
pos_all.gml,pos,cultured cells,3,0.00316789862724,0.0,0.0
pos_all.gml,pos,current HPV infection,1,0.00105596620908,0.0,0.0
pos_all.gml,pos,daily activities,1,0.00105596620908,0.0,0.0
pos_all.gml,pos,danger,2,0.00211193241816,0.0,0.0
pos_all.gml,pos,date and time for shot,2,0.00211193241816,1.11624334998e-06,0.00105596620908
pos_all.gml,pos,daughters,1,0.00105596620908,0.0,0.0
pos_all.gml,pos,daughters' health,2,0.00211193241816,0.0,0.0
pos_all.gml,pos,deafness,1,0.00105596620908,0.0,0.0
pos_all.gml,pos,death,3,0.00316789862724,0.00322986873722,0.0116636267639
pos_all.gml,pos,deaths,1,0.00105596620908,0.0,0.0
pos_all.gml,pos,debunked study,1,0.00105596620908,0.0,0.0
pos_all.gml,pos,decision to vaccinate,2,0.00211193241816,0.0,0.0
pos_all.gml,pos,decline in vaccination rates,2,0.00211193241816,0.0,0.00211193241816
pos_all.gml,pos,decrease in exemption rates,6,0.00633579725449,5.5812167499e-06,0.00527983104541
pos_all.gml,pos,delay vaccinations,1,0.00105596620908,0.0,0.0
pos_all.gml,pos,delaying Gardasil,2,0.00211193241816,0.0,0.00105596620908
pos_all.gml,pos,delaying vaccination,3,0.00316789862724,5.5812167499e-06,0.00105596620908
pos_all.gml,pos,delaying vaccinations,2,0.00211193241816,0.000354965385294,0.0617960225273
pos_all.gml,pos,democrat,1,0.00105596620908,0.0,0.00105596620908
pos_all.gml,pos,developing countries,3,0.00316789862724,0.0,0.0
pos_all.gml,pos,developing world,1,0.00105596620908,0.0,0.0
pos_all.gml,pos,developmental disability,3,0.00316789862724,0.000165204015797,0.00105596620908
pos_all.gml,pos,diarrhea deaths,1,0.00105596620908,0.0,0.00660956627166
pos_all.gml,pos,disease,6,0.00633579725449,0.00237756378507,0.0617654181516
pos_all.gml,pos,diseases,2,0.00211193241816,0.000123344890173,0.00105596620908
pos_all.gml,pos,distrust of medical establishment,2,0.00211193241816,0.000161855285747,0.00105596620908
pos_all.gml,pos,doctors,2,0.00211193241816,2.23248669996e-06,0.00140795494544
pos_all.gml,pos,driving factors,3,0.00316789862724,0.0,0.0726418550525
pos_all.gml,pos,ear infections,1,0.00105596620908,0.0,0.0
pos_all.gml,pos,early childcare advocacy group,1,0.00105596620908,0.0,0.0
pos_all.gml,pos,early diagnosis,1,0.00105596620908,0.0,0.0116636267639
pos_all.gml,pos,early education,1,0.00105596620908,0.0,0.0
pos_all.gml,pos,early immunity,1,0.00105596620908,0.0,0.0
pos_all.gml,pos,early treatment,1,0.00105596620908,0.0,0.0116636267639
pos_all.gml,pos,effective antibiotics,1,0.00105596620908,0.0,0.0
pos_all.gml,pos,efficacious,1,0.00105596620908,0.0,0.0
pos_all.gml,pos,electrostimulation,1,0.00105596620908,0.0,0.0
pos_all.gml,pos,eliminated,1,0.00105596620908,0.0,0.0
pos_all.gml,pos,eliminated virus,4,0.00422386483633,0.000166320259147,0.00105596620908
pos_all.gml,pos,elimination of rubella,1,0.00105596620908,0.0,0.0
pos_all.gml,pos,elite list,1,0.00105596620908,0.0,0.0
pos_all.gml,pos,elsewhere in the globe,1,0.00105596620908,0.0,0.0
pos_all.gml,pos,employees,1,0.00105596620908,0.0,0.00140795494544
pos_all.gml,pos,end personal exemptions,3,0.00316789862724,0.0,0.0
pos_all.gml,pos,end the anti-vax movement,2,0.00211193241816,0.0,0.0
pos_all.gml,pos,entire communities,1,0.00105596620908,0.0,0.0
pos_all.gml,pos,environmental factors,3,0.00316789862724,0.0,0.0117235372556
pos_all.gml,pos,environmental risk factors for ASD,1,0.00105596620908,0.0,0.0
pos_all.gml,pos,environmental trigger,3,0.00316789862724,0.000166320259147,0.00105596620908
pos_all.gml,pos,epidemiological data,1,0.00105596620908,0.0,0.0
pos_all.gml,pos,epidemiologist,1,0.00105596620908,0.0,0.0
pos_all.gml,pos,equal education,1,0.00105596620908,0.0,0.0
pos_all.gml,pos,evidence,4,0.00422386483633,2.51154753746e-05,0.00897037961452
pos_all.gml,pos,exemption rate,1,0.00105596620908,0.0,0.0
pos_all.gml,pos,exemption rates,2,0.00211193241816,0.0,0.00211193241816
pos_all.gml,pos,exist,1,0.00105596620908,0.0,0.0
pos_all.gml,pos,expected,1,0.00105596620908,0.0,0.0
pos_all.gml,pos,faith healing,6,0.00633579725449,0.0,0.0
pos_all.gml,pos,false concerns,1,0.00105596620908,0.0,0.0
pos_all.gml,pos,families,7,0.00739176346357,0.000343802951794,0.00211193241816
pos_all.gml,pos,family tax benefit,1,0.00105596620908,0.0,0.0
pos_all.gml,pos,fast,1,0.00105596620908,0.0,0.0
pos_all.gml,pos,fear,1,0.00105596620908,0.0,0.00501583949314
pos_all.gml,pos,fear of vaccine-autism link,3,0.00316789862724,0.0,0.0
pos_all.gml,pos,fear of vaccines,1,0.00105596620908,0.0,0.00105596620908
pos_all.gml,pos,federal government,1,0.00105596620908,0.0,0.00105596620908
pos_all.gml,pos,fence sitters,1,0.00105596620908,0.0,0.00105596620908
pos_all.gml,pos,fence-sitters,3,0.00316789862724,0.0,0.0622573449608
pos_all.gml,pos,fever,1,0.00105596620908,0.0,0.0
pos_all.gml,pos,few religions,1,0.00105596620908,0.0,0.0591270913218
pos_all.gml,pos,field,1,0.00105596620908,0.0,0.0
pos_all.gml,pos,financial forces,4,0.00422386483633,5.5812167499e-06,0.00377130788958
pos_all.gml,pos,findings,3,0.00316789862724,4.46497339992e-06,0.00241363704933
pos_all.gml,pos,flu shots,2,0.00211193241816,0.0,0.00105596620908
pos_all.gml,pos,flu vaccine recall,1,0.00105596620908,0.0,0.0
pos_all.gml,pos,fluke,1,0.00105596620908,0.0,0.0
pos_all.gml,pos,formal advice,1,0.00105596620908,0.0,0.0
pos_all.gml,pos,former gastroenterologist,1,0.00105596620908,0.0,0.0
pos_all.gml,pos,fraud,1,0.00105596620908,0.0,0.0
pos_all.gml,pos,fraudulent,1,0.00105596620908,0.0,0.0
pos_all.gml,pos,free vaccine,1,0.00105596620908,0.0,0.0
pos_all.gml,pos,free vaccine eligible girls,3,0.00316789862724,0.0,0.0145498294874
pos_all.gml,pos,friends,1,0.00105596620908,0.0,0.0724939083008
pos_all.gml,pos,fully vaccinated,1,0.00105596620908,0.0,0.0
pos_all.gml,pos,funds,1,0.00105596620908,0.0,0.0
pos_all.gml,pos,gelatin,2,0.00211193241816,0.0,0.0
pos_all.gml,pos,genes,1,0.00105596620908,0.0,0.00219992960225
pos_all.gml,pos,genetic component,1,0.00105596620908,0.0,0.0
pos_all.gml,pos,genetic predisposition,3,0.00316789862724,0.000290037230437,0.00219992960225
pos_all.gml,pos,genetic risk factors for ASD,1,0.00105596620908,0.0,0.0
pos_all.gml,pos,genetically-predisposed children,1,0.00105596620908,0.0,0.00105596620908
pos_all.gml,pos,genital warts,10,0.0105596620908,0.000606771280993,0.017599436818
pos_all.gml,pos,gift from God,1,0.00105596620908,0.0,0.0
pos_all.gml,pos,girls,6,0.00633579725449,0.000508820927033,0.0124231318715
pos_all.gml,pos,good news,1,0.00105596620908,0.0,0.0
pos_all.gml,pos,government policy,3,0.00316789862724,7.81370344986e-06,0.00398018032654
pos_all.gml,pos,government rebates,1,0.00105596620908,0.0,0.0
pos_all.gml,pos,hardness of the skin,1,0.00105596620908,0.0,0.0
pos_all.gml,pos,harmful association,3,0.00316789862724,8.92994679984e-06,0.00272328127605
pos_all.gml,pos,headache,2,0.00211193241816,0.0,0.0
pos_all.gml,pos,healing through prayer,1,0.00105596620908,0.0,0.0
pos_all.gml,pos,health benefits,1,0.00105596620908,0.0,0.0
pos_all.gml,pos,health care improvement,1,0.00105596620908,0.0,0.0
pos_all.gml,pos,health care providers,2,0.00211193241816,0.0,0.0025343189018
pos_all.gml,pos,health of children,1,0.00105596620908,0.0,0.0591270913218
pos_all.gml,pos,health officials,2,0.00211193241816,0.0,0.0177402323126
pos_all.gml,pos,healthy communities,1,0.00105596620908,0.0,0.0
pos_all.gml,pos,healthy people,1,0.00105596620908,0.0,0.0
pos_all.gml,pos,hepatitis A vaccine,4,0.00422386483633,2.97664893328e-06,0.00211193241816
pos_all.gml,pos,herd immunity,16,0.0168954593453,0.0160097202471,0.0646242316592
pos_all.gml,pos,hesitant parents,3,0.00316789862724,2.90223270995e-05,0.00660956627166
pos_all.gml,pos,high,1,0.00105596620908,0.0,0.0
pos_all.gml,pos,high fever,1,0.00105596620908,0.0,0.0
pos_all.gml,pos,high immunization rates,2,0.00211193241816,0.0,0.0
pos_all.gml,pos,high risk children,2,0.00211193241816,1.11624334998e-06,0.00105596620908
pos_all.gml,pos,high school girls,1,0.00105596620908,0.0,0.0
pos_all.gml,pos,high school girls who received Gardasil,1,0.00105596620908,0.0,0.009595022689
pos_all.gml,pos,high-risk children,3,0.00316789862724,7.25558177487e-05,0.00219992960225
pos_all.gml,pos,high-risk types of HPV,5,0.00527983104541,0.0,0.0
pos_all.gml,pos,highly contagious disease,1,0.00105596620908,0.0,0.0
pos_all.gml,pos,home schooling,1,0.00105596620908,0.0,0.0
pos_all.gml,pos,home-schooled children,1,0.00105596620908,0.0,0.00105596620908
pos_all.gml,pos,hospitalizations,2,0.00211193241816,0.0,0.0
pos_all.gml,pos,household,1,0.00105596620908,0.0,0.0
pos_all.gml,pos,human papillomavirus,3,0.00316789862724,0.0,0.0
pos_all.gml,pos,hypotheses about autism,1,0.00105596620908,0.0,0.0
pos_all.gml,pos,hypothesis,1,0.00105596620908,0.0,0.0
pos_all.gml,pos,idea,3,0.00316789862724,0.000165204015797,0.00105596620908
pos_all.gml,pos,ideas,1,0.00105596620908,0.0,0.00105596620908
pos_all.gml,pos,ill effects,3,0.00316789862724,0.0,0.0
pos_all.gml,pos,illness,3,0.00316789862724,0.0,0.0
pos_all.gml,pos,illnesses,2,0.00211193241816,0.0,0.0
pos_all.gml,pos,imitation infection,2,0.00211193241816,0.0,0.00459115743079
pos_all.gml,pos,immune amnesia,3,0.00316789862724,0.000330408031594,0.00211193241816
pos_all.gml,pos,immune memory cells,1,0.00105596620908,0.0,0.0
pos_all.gml,pos,immune protection,3,0.00316789862724,0.0,0.0
pos_all.gml,pos,immune response,3,0.00316789862724,1.1813575454e-05,0.0542164855449
pos_all.gml,pos,immune system,8,0.00844772967265,0.00114526567708,0.00519860287548
pos_all.gml,pos,immune system disorder,1,0.00105596620908,0.0,0.0
pos_all.gml,pos,immunity,4,0.00422386483633,0.0,0.0
pos_all.gml,pos,immunity to diseases,1,0.00105596620908,0.0,0.0
pos_all.gml,pos,immunization,9,0.00950369588173,0.00129093543425,0.0502428922274
pos_all.gml,pos,immunization programs,1,0.00105596620908,0.0,0.0
pos_all.gml,pos,immunization rates,3,0.00316789862724,0.0,0.0
pos_all.gml,pos,immunization schedule,2,0.00211193241816,0.0,0.00211193241816
pos_all.gml,pos,immunized people,1,0.00105596620908,0.0,0.00105596620908
pos_all.gml,pos,immunological mechanisms,1,0.00105596620908,0.0,0.00105596620908
pos_all.gml,pos,immunospression,1,0.00105596620908,0.0,0.00105596620908
pos_all.gml,pos,immunosuppression,3,0.00316789862724,0.000166320259147,0.00105596620908
pos_all.gml,pos,important factor,1,0.00105596620908,0.0,0.00105596620908
pos_all.gml,pos,important message,1,0.00105596620908,0.0,0.0
pos_all.gml,pos,important vaccine,2,0.00211193241816,0.0,0.0
pos_all.gml,pos,impoverished populations,1,0.00105596620908,0.0,0.0
pos_all.gml,pos,improved immunization policy and funding,1,0.00105596620908,0.0,0.0
pos_all.gml,pos,increase in measles cases,1,0.00105596620908,0.0,0.0493910855352
pos_all.gml,pos,increased sensitivity to light,1,0.00105596620908,0.0,0.0
pos_all.gml,pos,infant death,1,0.00105596620908,0.0,0.0
pos_all.gml,pos,infant disability,1,0.00105596620908,0.0,0.0
pos_all.gml,pos,infection,4,0.00422386483633,0.00126745711579,0.0543055211793
pos_all.gml,pos,infection at multiple sites,1,0.00105596620908,0.0,0.0
pos_all.gml,pos,infection of anus,3,0.00316789862724,1.48832446664e-06,0.00211193241816
pos_all.gml,pos,infection of cervix,3,0.00316789862724,1.48832446664e-06,0.00211193241816
pos_all.gml,pos,infection of mouth,3,0.00316789862724,1.48832446664e-06,0.00211193241816
pos_all.gml,pos,infectious disease,1,0.00105596620908,0.0,0.0
pos_all.gml,pos,infectious disease mortality,1,0.00105596620908,0.0,0.0
pos_all.gml,pos,infectious diseases,3,0.00316789862724,7.81370344986e-06,0.00431186202042
pos_all.gml,pos,influenza symptoms,1,0.00105596620908,0.0,0.0
pos_all.gml,pos,influenza viruses,1,0.00105596620908,0.0,0.0
pos_all.gml,pos,insulin,1,0.00105596620908,0.0,0.0
pos_all.gml,pos,insurance claims,1,0.00105596620908,0.0,0.0
pos_all.gml,pos,interest in vaccinations,1,0.00105596620908,0.0,0.0
pos_all.gml,pos,interventions,3,0.00316789862724,0.00110749944374,0.054222273063
pos_all.gml,pos,issue,1,0.00105596620908,0.0,0.0
pos_all.gml,pos,kids,1,0.00105596620908,0.0,0.0
pos_all.gml,pos,kindergarten,2,0.00211193241816,0.0,0.0
pos_all.gml,pos,large outbreaks,1,0.00105596620908,0.0,0.0
pos_all.gml,pos,large study,1,0.00105596620908,0.0,0.0
pos_all.gml,pos,law,1,0.00105596620908,0.0,0.0
pos_all.gml,pos,lawmakers,1,0.00105596620908,0.0,0.00105596620908
pos_all.gml,pos,laws requiring MMR vaccination,1,0.00105596620908,0.0,0.0
pos_all.gml,pos,legimate reasons,1,0.00105596620908,0.0,0.0
pos_all.gml,pos,legitimate reasons,2,0.00211193241816,0.0,0.0
pos_all.gml,pos,life-threatening diseases,1,0.00105596620908,0.0,0.0
pos_all.gml,pos,likelihood of developing autism,1,0.00105596620908,0.0,0.00105596620908
pos_all.gml,pos,link,1,0.00105596620908,0.0,0.0
pos_all.gml,pos,little nudges,1,0.00105596620908,0.0,0.0
pos_all.gml,pos,long-discredited hypotheses,2,0.00211193241816,2.00923802996e-05,0.00698230717842
pos_all.gml,pos,long-term benefits,1,0.00105596620908,0.0,0.0
pos_all.gml,pos,long-term disabilities,5,0.00527983104541,0.00056705162179,0.00422386483633
pos_all.gml,pos,loss of limb,1,0.00105596620908,0.0,0.0
pos_all.gml,pos,low immunization cluster,1,0.00105596620908,0.0,0.00105596620908
pos_all.gml,pos,low rates of vaccination,1,0.00105596620908,0.0,0.00140795494544
pos_all.gml,pos,low vaccination coverage,2,0.00211193241816,0.00106489615588,0.0588338991334
pos_all.gml,pos,low vaccination rates,3,0.00316789862724,3.34873004994e-06,0.00237592397043
pos_all.gml,pos,lower rate of autism in vaccinated children,2,0.00211193241816,0.0,0.0
pos_all.gml,pos,magnitude of benefits,2,0.00211193241816,0.000176366449297,0.00105596620908
pos_all.gml,pos,make plans ahead of time,1,0.00105596620908,0.0,0.0
pos_all.gml,pos,mandated vaccines,1,0.00105596620908,0.0,0.0
pos_all.gml,pos,mass vaccination,1,0.00105596620908,0.0,0.00140795494544
pos_all.gml,pos,measles,43,0.0454065469905,0.0263702073162,0.0708837597758
pos_all.gml,pos,measles cases number,1,0.00105596620908,0.0,0.00105596620908
pos_all.gml,pos,measles comeback,2,0.00211193241816,0.00193627292299,0.0384188951428
pos_all.gml,pos,measles encephalitis,1,0.00105596620908,0.0,0.00105596620908
pos_all.gml,pos,measles experience,1,0.00105596620908,0.0,0.0
pos_all.gml,pos,measles infection,2,0.00211193241816,0.000323710571494,0.00140795494544
pos_all.gml,pos,measles infections,3,0.00316789862724,0.00409955253525,0.0561147479558
pos_all.gml,pos,measles outbreak,4,0.00422386483633,0.00376299984979,0.0566237931614
pos_all.gml,pos,measles outbreaks,3,0.00316789862724,0.0,0.0
pos_all.gml,pos,measles protection,1,0.00105596620908,0.0,0.0544813912894
pos_all.gml,pos,measles reappearance,1,0.00105596620908,0.0,0.00105596620908
pos_all.gml,pos,measles vaccination rate,5,0.00527983104541,0.000738953097687,0.0563918698788
pos_all.gml,pos,measles vaccine,23,0.0242872228089,0.00209265861632,0.010861366722
pos_all.gml,pos,measles vaccine coverage,1,0.00105596620908,0.0,0.00105596620908
pos_all.gml,pos,measles virus,8,0.00844772967265,0.000723325690787,0.0672232315127
pos_all.gml,pos,measles virus ,1,0.00105596620908,0.0,0.00105596620908
pos_all.gml,pos,medical advancement,1,0.00105596620908,0.0,0.0
pos_all.gml,pos,medical exemption,6,0.00633579725449,0.000328175544894,0.00211193241816
pos_all.gml,pos,medical exemptions,2,0.00211193241816,0.0,0.0428566188951
pos_all.gml,pos,medical issue,2,0.00211193241816,0.00299674131358,0.0560850889981
pos_all.gml,pos,medical law,1,0.00105596620908,0.0,0.0
pos_all.gml,pos,medical student,1,0.00105596620908,0.0,0.0
pos_all.gml,pos,members,1,0.00105596620908,0.0,0.0
pos_all.gml,pos,meningitis,2,0.00211193241816,8.81832246484e-05,0.00105596620908
pos_all.gml,pos,meningococcal conjugate vaccine,2,0.00211193241816,0.0,0.00211193241816
pos_all.gml,pos,meningococcal conjugate vaccine booster dose,1,0.00105596620908,0.0,0.00105596620908
pos_all.gml,pos,meningococcal disease,28,0.0295670538543,0.00435688383553,0.0183034142907
pos_all.gml,pos,meningococcal disease cases,2,0.00211193241816,0.0,0.0428658579909
pos_all.gml,pos,meningococcal disease symptoms,5,0.00527983104541,0.000732255637587,0.00422386483633
pos_all.gml,pos,meningococcal outbreak,6,0.00633579725449,0.000359430358694,0.0484026527066
pos_all.gml,pos,meningococcal vaccine,16,0.0168954593453,0.000342686708444,0.0159714889124
pos_all.gml,pos,mental disorders,2,0.00211193241816,0.0,0.0
pos_all.gml,pos,met the bar,1,0.00105596620908,0.0,0.0
pos_all.gml,pos,mild,1,0.00105596620908,0.0,0.0
pos_all.gml,pos,minor symptoms,5,0.00527983104541,2.06505019746e-05,0.00422386483633
pos_all.gml,pos,minority views,2,0.00211193241816,0.0,0.0
pos_all.gml,pos,miscarriage,2,0.00211193241816,0.0,0.0521913621345
pos_all.gml,pos,misguided claims,5,0.00527983104541,0.0,0.0451692901301
pos_all.gml,pos,misplaced fear of ASD,3,0.00316789862724,0.000194345940398,0.00600233424109
pos_all.gml,pos,models of disease,1,0.00105596620908,0.0,0.0
pos_all.gml,pos,money,5,0.00527983104541,6.69746009988e-06,0.00316789862724
pos_all.gml,pos,mortality rate decrease,1,0.00105596620908,0.0,0.00105596620908
pos_all.gml,pos,most religions,1,0.00105596620908,0.0,0.00140795494544
pos_all.gml,pos,mothers with pregnancy-related diabetes,1,0.00105596620908,0.0,0.0
pos_all.gml,pos,multi-site protection,6,0.00633579725449,6.13933842489e-06,0.00475184794087
pos_all.gml,pos,multi-state measles outbreak,1,0.00105596620908,0.0,0.0
pos_all.gml,pos,mumps vaccine,1,0.00105596620908,0.0,0.0
pos_all.gml,pos,mystery,4,0.00422386483633,0.0,0.0
pos_all.gml,pos,myth,3,0.00316789862724,0.0,0.0
pos_all.gml,pos,myths,2,0.00211193241816,1.11624334998e-06,0.00105596620908
pos_all.gml,pos,natural defenses,1,0.00105596620908,0.0,0.0
pos_all.gml,pos,natural foods,1,0.00105596620908,0.0,0.0
pos_all.gml,pos,nausea,2,0.00211193241816,0.0,0.0
pos_all.gml,pos,neighbors,1,0.00105596620908,0.0,0.0
pos_all.gml,pos,nervous system problems,1,0.00105596620908,0.0,0.0
pos_all.gml,pos,neurological problems,1,0.00105596620908,0.0,0.0
pos_all.gml,pos,new strategies,2,0.00211193241816,0.000312548137994,0.0543055211793
pos_all.gml,pos,new transmission,1,0.00105596620908,0.0,0.0
pos_all.gml,pos,new version of Gardasil,3,0.00316789862724,0.0,0.0608164179003
pos_all.gml,pos,no brainer,1,0.00105596620908,0.0,0.0
pos_all.gml,pos,no evidence,2,0.00211193241816,9.15319546984e-05,0.00140795494544
pos_all.gml,pos,"no jab, no pay policy",1,0.00105596620908,0.0,0.0
pos_all.gml,pos,non-judgmental environment,1,0.00105596620908,0.0,0.0
pos_all.gml,pos,nonmeasles infectious diseases,3,0.00316789862724,0.0,0.0
pos_all.gml,pos,nonmedical reasons for exemption,1,0.00105596620908,0.0,0.0505676128952
pos_all.gml,pos,nonmedical reasons for exemptions,1,0.00105596620908,0.0,0.0
pos_all.gml,pos,nonspecific vaccine benefits,1,0.00105596620908,0.0,0.0
pos_all.gml,pos,normal,1,0.00105596620908,0.0,0.0
pos_all.gml,pos,not vaccinating children,1,0.00105596620908,0.0,0.00105596620908
pos_all.gml,pos,number of deaths from other infections,1,0.00105596620908,0.0,0.0
pos_all.gml,pos,number of outbreaks,1,0.00105596620908,0.0,0.0
pos_all.gml,pos,numerous international studies,1,0.00105596620908,0.0,0.00698230717842
pos_all.gml,pos,nutritional supplements,1,0.00105596620908,0.0,0.0
pos_all.gml,pos,observational study,1,0.00105596620908,0.0,0.0
pos_all.gml,pos,officials,1,0.00105596620908,0.0,0.00190073917635
pos_all.gml,pos,one child,1,0.00105596620908,0.0,0.0438896534842
pos_all.gml,pos,one dose Gardasil,1,0.00105596620908,0.0,0.0
pos_all.gml,pos,one dose of vaccine,1,0.00105596620908,0.0,0.0
pos_all.gml,pos,opponent of sanity-oriented legislation,2,0.00211193241816,0.0,0.00105596620908
pos_all.gml,pos,opportunistic infections,1,0.00105596620908,0.0,0.0
pos_all.gml,pos,opposed,5,0.00527983104541,0.000164087772447,0.00105596620908
pos_all.gml,pos,opposition,1,0.00105596620908,0.0,0.0
pos_all.gml,pos,opt-outs,1,0.00105596620908,0.0,0.0
pos_all.gml,pos,opted-out of vaccination,1,0.00105596620908,0.0,0.0
pos_all.gml,pos,opting out of immunization,2,0.00211193241816,3.34873004994e-06,0.00105596620908
pos_all.gml,pos,orthodox Hasidic Jews,4,0.00422386483633,0.0,0.0500990898714
pos_all.gml,pos,other good reasons,1,0.00105596620908,0.0,0.04670110158
pos_all.gml,pos,other meningococcal disease cases,1,0.00105596620908,0.0,0.0
pos_all.gml,pos,other populations,1,0.00105596620908,0.0,0.0
pos_all.gml,pos,other projects,1,0.00105596620908,0.0,0.0
pos_all.gml,pos,outbreak,1,0.00105596620908,0.0,0.0
pos_all.gml,pos,outbreaks,2,0.00211193241816,0.000352732898594,0.0431972196307
pos_all.gml,pos,overseas countries,1,0.00105596620908,0.0,0.0
pos_all.gml,pos,overseas infections,1,0.00105596620908,0.0,0.00140795494544
pos_all.gml,pos,oversease,1,0.00105596620908,0.0,0.0
pos_all.gml,pos,overwhelming approval,1,0.00105596620908,0.0,0.0
pos_all.gml,pos,pain,1,0.00105596620908,0.0,0.0
pos_all.gml,pos,parental responsibility,2,0.00211193241816,0.0,0.0621493218059
pos_all.gml,pos,parental rights,2,0.00211193241816,0.0,0.0
pos_all.gml,pos,parents,46,0.0485744456177,0.0115161391247,0.0918727172159
pos_all.gml,pos,parents of autistic children,4,0.00422386483633,0.0,0.0542324406871
pos_all.gml,pos,parents of child with ASD,1,0.00105596620908,0.0,0.00105596620908
pos_all.gml,pos,parents of children with ASD,1,0.00105596620908,0.0,0.052494468687
pos_all.gml,pos,parents who choose to delay vaccination,2,0.00211193241816,0.0,0.0
pos_all.gml,pos,parents who noticed developmental delays,1,0.00105596620908,0.0,0.00105596620908
pos_all.gml,pos,parents who refuse to vaccinate their children,9,0.00950369588173,5.24634374491e-05,0.00739176346357
pos_all.gml,pos,parents who vehemently oppose vaccines,2,0.00211193241816,0.0,0.00480083606397
pos_all.gml,pos,parents' hesitant attitudes,2,0.00211193241816,1.11624334998e-06,0.00105596620908
pos_all.gml,pos,part of the story,1,0.00105596620908,0.0,0.0
pos_all.gml,pos,partial protection,2,0.00211193241816,0.0,0.00105596620908
pos_all.gml,pos,party lines,1,0.00105596620908,0.0,0.0
pos_all.gml,pos,pediatrician,1,0.00105596620908,0.0,0.0
pos_all.gml,pos,pediatricians,2,0.00211193241816,0.0,0.00565696183436
pos_all.gml,pos,peer pressure,1,0.00105596620908,0.0,0.00105596620908
pos_all.gml,pos,peers,1,0.00105596620908,0.0,0.0724939083008
pos_all.gml,pos,people,4,0.00422386483633,0.000584446413994,0.00377130788958
pos_all.gml,pos,personal belief,1,0.00105596620908,0.0,0.0
pos_all.gml,pos,personal belief exemption,4,0.00422386483633,4.46497339992e-06,0.00211193241816
pos_all.gml,pos,personal belief exemptions,4,0.00422386483633,0.0,0.0
pos_all.gml,pos,personal belief reasons,1,0.00105596620908,0.0,0.0
pos_all.gml,pos,personal beliefs,1,0.00105596620908,0.0,0.0
pos_all.gml,pos,personal exemptions,2,0.00211193241816,0.000113391720302,0.0429607240423
pos_all.gml,pos,personal preference,1,0.00105596620908,0.0,0.0
pos_all.gml,pos,personal religious beliefs,1,0.00105596620908,0.0,0.0
pos_all.gml,pos,personal-belief exemption,1,0.00105596620908,0.0,0.0
pos_all.gml,pos,personal-belief exemptions,1,0.00105596620908,0.0,0.0
pos_all.gml,pos,pharmacological interventions,1,0.00105596620908,0.0,0.0
pos_all.gml,pos,philosophical,1,0.00105596620908,0.0,0.0
pos_all.gml,pos,philosophical exemption,1,0.00105596620908,0.0,0.00190073917635
pos_all.gml,pos,physician,1,0.00105596620908,0.0,0.0
pos_all.gml,pos,physicians,3,0.00316789862724,3.34873004994e-06,0.00140795494544
pos_all.gml,pos,pig,2,0.00211193241816,0.0,0.0
pos_all.gml,pos,pneumonia,1,0.00105596620908,0.0,0.0
pos_all.gml,pos,pneumonia deaths,1,0.00105596620908,0.0,0.00660956627166
pos_all.gml,pos,policy makers,6,0.00633579725449,8.03695211986e-05,0.0113214087073
pos_all.gml,pos,polio,5,0.00527983104541,0.000667513523288,0.0699492342679
pos_all.gml,pos,polio vaccination effort,1,0.00105596620908,0.0,0.00105596620908
pos_all.gml,pos,polio vaccine,1,0.00105596620908,0.0,0.00105596620908
pos_all.gml,pos,polio vaccine opposition,9,0.00950369588173,0.00105931493913,0.00844772967265
pos_all.gml,pos,political issues,1,0.00105596620908,0.0,0.0
pos_all.gml,pos,popular religious groups,1,0.00105596620908,0.0,0.0591270913218
pos_all.gml,pos,population health,1,0.00105596620908,0.0,0.0591270913218
pos_all.gml,pos,population immunity,3,0.00316789862724,0.0,0.047954082922
pos_all.gml,pos,positive health impact,2,0.00211193241816,1.11624334998e-06,0.00105596620908
pos_all.gml,pos,potential outbreaks,1,0.00105596620908,0.0,0.0
pos_all.gml,pos,potential risks,1,0.00105596620908,0.0,0.0
pos_all.gml,pos,potentially fatal childhood infectious disease,1,0.00105596620908,0.0,0.0
pos_all.gml,pos,potentially fatal infection,1,0.00105596620908,0.0,0.0
pos_all.gml,pos,pregnant women,5,0.00527983104541,0.00921176635304,0.0614079793891
pos_all.gml,pos,prenatal development,1,0.00105596620908,0.0,0.00105596620908
pos_all.gml,pos,preschoolers,1,0.00105596620908,0.0,0.0
pos_all.gml,pos,presidential candidates,2,0.00211193241816,2.23248669996e-06,0.00140795494544
pos_all.gml,pos,preteens,3,0.00316789862724,0.0,0.0110571846316
pos_all.gml,pos,prevent cancer,2,0.00211193241816,0.0,0.0
pos_all.gml,pos,prevent outbreaks,1,0.00105596620908,0.0,0.0
pos_all.gml,pos,preventable disease,2,0.00211193241816,0.0,0.0
pos_all.gml,pos,preventing cancer,1,0.00105596620908,0.0,0.0
pos_all.gml,pos,preventing disease,1,0.00105596620908,0.0,0.0
pos_all.gml,pos,prevention opportunities,1,0.00105596620908,0.0,0.0
pos_all.gml,pos,preventive health,1,0.00105596620908,0.0,0.0
pos_all.gml,pos,previous monkey studies show,1,0.00105596620908,0.0,0.00105596620908
pos_all.gml,pos,previous studies,1,0.00105596620908,0.0,0.00105596620908
pos_all.gml,pos,prior diseases,1,0.00105596620908,0.0,0.0
pos_all.gml,pos,prisons,1,0.00105596620908,0.0,0.0
pos_all.gml,pos,private schools,2,0.00211193241816,1.11624334998e-06,0.00105596620908
pos_all.gml,pos,pro-vaccine,1,0.00105596620908,0.0,0.0
pos_all.gml,pos,pro-vaccine parents,3,0.00316789862724,0.000360546602044,0.0426346356917
pos_all.gml,pos,problems with social interactions,1,0.00105596620908,0.0,0.0
pos_all.gml,pos,prohibits vaccinating members,1,0.00105596620908,0.0,0.0
pos_all.gml,pos,promising news,3,0.00316789862724,1.11624334998e-05,0.0026399155227
pos_all.gml,pos,prophylaxis,1,0.00105596620908,0.0,0.0
pos_all.gml,pos,proponents of alternative vaccine strategies,2,0.00211193241816,0.0,0.00211193241816
pos_all.gml,pos,protect the kid next to you,1,0.00105596620908,0.0,0.0
pos_all.gml,pos,protecting infants,1,0.00105596620908,0.0,0.0
pos_all.gml,pos,protection,7,0.00739176346357,0.0061112835087,0.0616935978979
pos_all.gml,pos,protective effect of vaccines,9,0.00950369588173,0.00197575072947,0.0537754422507
pos_all.gml,pos,psychiatrist,1,0.00105596620908,0.0,0.0
pos_all.gml,pos,public health,5,0.00527983104541,0.00106489615588,0.0545649090072
pos_all.gml,pos,public health benefits,3,0.00316789862724,0.000180831422697,0.00105596620908
pos_all.gml,pos,public health officials,1,0.00105596620908,0.0,0.0588338991334
pos_all.gml,pos,public health organizations,1,0.00105596620908,0.0,0.00105596620908
pos_all.gml,pos,public health tools,2,0.00211193241816,0.0,0.0
pos_all.gml,pos,public schools,1,0.00105596620908,0.0,0.0
pos_all.gml,pos,random cases,1,0.00105596620908,0.0,0.0
pos_all.gml,pos,rare diseases,1,0.00105596620908,0.0,0.00105596620908
pos_all.gml,pos,rash,1,0.00105596620908,0.0,0.0
pos_all.gml,pos,raw milk,1,0.00105596620908,0.0,0.0
pos_all.gml,pos,reactions,1,0.00105596620908,0.0,0.00105596620908
pos_all.gml,pos,reassurance,3,0.00316789862724,0.000357197871994,0.0435660514947
pos_all.gml,pos,recommended immunization schedule,2,0.00211193241816,0.0,0.0
pos_all.gml,pos,recommended immunizations,1,0.00105596620908,0.0,0.0
pos_all.gml,pos,recommended vaccine schedule,2,0.00211193241816,0.0,0.0
pos_all.gml,pos,reduced benefit,1,0.00105596620908,0.0,0.0
pos_all.gml,pos,reduced effectiveness,1,0.00105596620908,0.0,0.0
pos_all.gml,pos,reduced vaccine potency,2,0.00211193241816,1.11624334998e-06,0.00105596620908
pos_all.gml,pos,reduction in HPV,1,0.00105596620908,0.0,0.0
pos_all.gml,pos,reduction in child mortality,2,0.00211193241816,0.0,0.00686378035903
pos_all.gml,pos,reduction in childhood mortality,2,0.00211193241816,1.11624334998e-06,0.00105596620908
pos_all.gml,pos,reduction in mortality,2,0.00211193241816,0.0,0.00686378035903
pos_all.gml,pos,refuse vaccinations,1,0.00105596620908,0.0,0.0
pos_all.gml,pos,regulation of childcare services,1,0.00105596620908,0.0,0.00105596620908
pos_all.gml,pos,religion,5,0.00527983104541,0.00051914617802,0.0591270913218
pos_all.gml,pos,religions,2,0.00211193241816,0.0,0.0386672102923
pos_all.gml,pos,religions with absolute objection,6,0.00633579725449,0.0,0.00633579725449
pos_all.gml,pos,religious communities,3,0.00316789862724,0.00319093044837,0.0492632258052
pos_all.gml,pos,religious doctrine,1,0.00105596620908,0.0,0.0
pos_all.gml,pos,religious exemption,4,0.00422386483633,1.00461901498e-05,0.00237592397043
pos_all.gml,pos,religious exemptions,5,0.00527983104541,0.00111494106607,0.0429607240423
pos_all.gml,pos,religious groups,17,0.0179514255544,0.00858621826427,0.0691289826608
pos_all.gml,pos,religious reasons,2,0.00211193241816,0.0,0.0
pos_all.gml,pos,repetitive behaviors,1,0.00105596620908,0.0,0.0
pos_all.gml,pos,republicans,2,0.00211193241816,0.0,0.0433465822518
pos_all.gml,pos,required vaccinations,4,0.00422386483633,0.00310948189193,0.0483430470999
pos_all.gml,pos,required vaccines,1,0.00105596620908,0.0,0.0
pos_all.gml,pos,research,2,0.00211193241816,4.46497339992e-06,0.00140795494544
pos_all.gml,pos,researchers,4,0.00422386483633,0.0,0.0606411836356
pos_all.gml,pos,resources,2,0.00211193241816,0.0,0.00281590989088
pos_all.gml,pos,respiratory secretions,2,0.00211193241816,0.0,0.0
pos_all.gml,pos,responsibility,2,0.00211193241816,0.0,0.0
pos_all.gml,pos,resurgence in potentially fatal childhood infectious diseases,1,0.00105596620908,0.0,0.0
pos_all.gml,pos,resurgence of measles,2,0.00211193241816,0.0,0.0
pos_all.gml,pos,retracted 1998 Lancet study,1,0.00105596620908,0.0,0.0
pos_all.gml,pos,revaccinated,1,0.00105596620908,0.0,0.0
pos_all.gml,pos,right to personal exemptions,2,0.00211193241816,0.0,0.00241363704933
pos_all.gml,pos,risk of ASD,5,0.00527983104541,0.0,0.0
pos_all.gml,pos,risk of ASD recurrence,1,0.00105596620908,0.0,0.00105596620908
pos_all.gml,pos,risk of cervical dysplasia,1,0.00105596620908,0.0,0.0503509591532
pos_all.gml,pos,risk of fainting,2,0.00211193241816,0.0,0.0120893327675
pos_all.gml,pos,risk of infection,1,0.00105596620908,0.0,0.0
pos_all.gml,pos,risk of measles,1,0.00105596620908,0.0,0.0
pos_all.gml,pos,risk of mumps,1,0.00105596620908,0.0,0.0
pos_all.gml,pos,risk of precancerous changed,1,0.00105596620908,0.0,0.0439438382416
pos_all.gml,pos,risk of rubella,1,0.00105596620908,0.0,0.0
pos_all.gml,pos,risk to pregnant women,1,0.00105596620908,0.0,0.0
pos_all.gml,pos,role,1,0.00105596620908,0.0,0.0
pos_all.gml,pos,rubella,6,0.00633579725449,0.0,0.0535126101771
pos_all.gml,pos,rubella cases,2,0.00211193241816,1.11624334998e-06,0.00105596620908
pos_all.gml,pos,rubella elimination,1,0.00105596620908,0.0,0.0
pos_all.gml,pos,rubella elimination effort,2,0.00211193241816,0.000362779088744,0.0565027511825
pos_all.gml,pos,rubella outbreak,1,0.00105596620908,0.0,0.0452664378665
pos_all.gml,pos,rubella transmission,1,0.00105596620908,0.0,0.0
pos_all.gml,pos,rubella vaccine,3,0.00316789862724,7.4416223332e-07,0.00211193241816
pos_all.gml,pos,rubella virus,4,0.00422386483633,1.33949201998e-05,0.00337909186906
pos_all.gml,pos,run down feeling,1,0.00105596620908,0.0,0.0
pos_all.gml,pos,safe,2,0.00211193241816,0.0,0.0
pos_all.gml,pos,safety concern,1,0.00105596620908,0.0,0.0
pos_all.gml,pos,sales,1,0.00105596620908,0.0,0.0
pos_all.gml,pos,salves,1,0.00105596620908,0.0,0.0
pos_all.gml,pos,saved lives,1,0.00105596620908,0.0,0.0
pos_all.gml,pos,scheduled appointment,1,0.00105596620908,0.0,0.0
pos_all.gml,pos,school,2,0.00211193241816,0.0,0.0
pos_all.gml,pos,schools,8,0.00844772967265,0.00695531231373,0.054697416693
pos_all.gml,pos,science,2,0.00211193241816,0.0,0.0618676285789
pos_all.gml,pos,scientific paper,1,0.00105596620908,0.0,0.00698230717842
pos_all.gml,pos,scientists,4,0.00422386483633,0.000874589953321,0.0135304470257
pos_all.gml,pos,secretin,1,0.00105596620908,0.0,0.0
pos_all.gml,pos,seizures,1,0.00105596620908,0.0,0.0
pos_all.gml,pos,senators,1,0.00105596620908,0.0,0.0
pos_all.gml,pos,sense of urgency,1,0.00105596620908,0.0,0.0
pos_all.gml,pos,serious childhood diseases,5,0.00527983104541,0.00224253289011,0.0586583683717
pos_all.gml,pos,serious consequences,1,0.00105596620908,0.0,0.0
pos_all.gml,pos,serious illness,1,0.00105596620908,0.0,0.0
pos_all.gml,pos,serogroup B,1,0.00105596620908,0.0,0.0
pos_all.gml,pos,serogroup C,1,0.00105596620908,0.0,0.0
pos_all.gml,pos,serogroup Y,1,0.00105596620908,0.0,0.0
pos_all.gml,pos,serogroups of meningococcal disease,1,0.00105596620908,0.0,0.0
pos_all.gml,pos,severe symptoms,1,0.00105596620908,0.0,0.0
pos_all.gml,pos,severity,1,0.00105596620908,0.0,0.0
pos_all.gml,pos,severity of ASD,1,0.00105596620908,0.0,0.00105596620908
pos_all.gml,pos,sex,1,0.00105596620908,0.0,0.0
pos_all.gml,pos,sexually active,7,0.00739176346357,2.99525298911e-05,0.00105596620908
pos_all.gml,pos,sexually transmitted virus,4,0.00422386483633,4.01847605993e-05,0.00187727326059
pos_all.gml,pos,shame,1,0.00105596620908,0.0,0.0
pos_all.gml,pos,short amount of time,1,0.00105596620908,0.0,0.0
pos_all.gml,pos,shots,1,0.00105596620908,0.0,0.0
pos_all.gml,pos,sibling,1,0.00105596620908,0.0,0.0
pos_all.gml,pos,sibling with ASD,1,0.00105596620908,0.0,0.0
pos_all.gml,pos,siblings,1,0.00105596620908,0.0,0.0
pos_all.gml,pos,siblings with autism,1,0.00105596620908,0.0,0.0
pos_all.gml,pos,side effects,8,0.00844772967265,0.000217667453246,0.0132625480755
pos_all.gml,pos,single measles case,1,0.00105596620908,0.0,0.050892335898
pos_all.gml,pos,small nudges,1,0.00105596620908,0.0,0.0
pos_all.gml,pos,smallpox,1,0.00105596620908,0.0,0.00140795494544
pos_all.gml,pos,social issues,1,0.00105596620908,0.0,0.0
pos_all.gml,pos,social media,1,0.00105596620908,0.0,0.0
pos_all.gml,pos,social norms,1,0.00105596620908,0.0,0.00105596620908
pos_all.gml,pos,social-network phenomenon,2,0.00211193241816,0.0,0.0
pos_all.gml,pos,someone looking to make a buck,1,0.00105596620908,0.0,0.0
pos_all.gml,pos,spinal adjustment,1,0.00105596620908,0.0,0.0
pos_all.gml,pos,spread of communicable diseases,1,0.00105596620908,0.0,0.0
pos_all.gml,pos,spread of disease,1,0.00105596620908,0.0,0.0
pos_all.gml,pos,spread of infectious diseases,2,0.00211193241816,0.0,0.0
pos_all.gml,pos,state and territory governments,1,0.00105596620908,0.0,0.0
pos_all.gml,pos,state immunization rates,1,0.00105596620908,0.0,0.00105596620908
pos_all.gml,pos,state legislatures,2,0.00211193241816,0.0,0.00105596620908
pos_all.gml,pos,state vaccination rates,2,0.00211193241816,0.0,0.00439985920451
pos_all.gml,pos,state-level,1,0.00105596620908,0.0,0.00105596620908
pos_all.gml,pos,state-level immunization rates,1,0.00105596620908,0.0,0.00105596620908
pos_all.gml,pos,state-level issue,1,0.00105596620908,0.0,0.0
pos_all.gml,pos,state-level policies,3,0.00316789862724,0.0,0.0599063378448
pos_all.gml,pos,states,10,0.0105596620908,0.00333733905233,0.0532695724821
pos_all.gml,pos,sterilization attempt,1,0.00105596620908,0.0,0.0
pos_all.gml,pos,sterilize Muslims,2,0.00211193241816,0.0,0.0
pos_all.gml,pos,stiff neck,1,0.00105596620908,0.0,0.0
pos_all.gml,pos,strong evidence,1,0.00105596620908,0.0,0.00140795494544
pos_all.gml,pos,strong-arm tactics,1,0.00105596620908,0.0,0.0
pos_all.gml,pos,studies,4,0.00422386483633,0.0,0.00895540573471
pos_all.gml,pos,study,5,0.00527983104541,0.0,0.0412155876168
pos_all.gml,pos,subgroup of church members,1,0.00105596620908,0.0,0.0
pos_all.gml,pos,suboptimal protection,1,0.00105596620908,0.0,0.0
pos_all.gml,pos,supporters,1,0.00105596620908,0.0,0.0
pos_all.gml,pos,suprising results,1,0.00105596620908,0.0,0.0
pos_all.gml,pos,susceptibility to other illnesses,1,0.00105596620908,0.0,0.0
pos_all.gml,pos,susceptible children,1,0.00105596620908,0.0,0.0
pos_all.gml,pos,swelling,1,0.00105596620908,0.0,0.0
pos_all.gml,pos,symptoms,1,0.00105596620908,0.0,0.0
pos_all.gml,pos,tapes,1,0.00105596620908,0.0,0.0
pos_all.gml,pos,tax benefits,1,0.00105596620908,0.0,0.0
pos_all.gml,pos,teen,1,0.00105596620908,0.0,0.0115160088462
pos_all.gml,pos,teen girls,3,0.00316789862724,0.0,0.0184428157705
pos_all.gml,pos,teenagers,1,0.00105596620908,0.0,0.00105596620908
pos_all.gml,pos,teens,4,0.00422386483633,0.0,0.0149343792427
pos_all.gml,pos,tenderness,1,0.00105596620908,0.0,0.0
pos_all.gml,pos,tenets of organized religion,2,0.00211193241816,4.46497339992e-06,0.00105596620908
pos_all.gml,pos,testing,1,0.00105596620908,0.0,0.0
pos_all.gml,pos,tetanus/diptheria/pertussis,1,0.00105596620908,0.0,0.0
pos_all.gml,pos,theological issues,1,0.00105596620908,0.0,0.0
pos_all.gml,pos,theory,1,0.00105596620908,0.0,0.00285110876452
pos_all.gml,pos,thimerosal is safe,1,0.00105596620908,0.0,0.0
pos_all.gml,pos,threat,2,0.00211193241816,0.0,0.0
pos_all.gml,pos,three doses Gardasil,2,0.00211193241816,0.0,0.0
pos_all.gml,pos,three-dose course,1,0.00105596620908,0.0,0.0
pos_all.gml,pos,time,1,0.00105596620908,0.0,0.0
pos_all.gml,pos,transient,1,0.00105596620908,0.0,0.0
pos_all.gml,pos,transmitted around the world,1,0.00105596620908,0.0,0.0
pos_all.gml,pos,triple hit,3,0.00316789862724,8.92994679984e-06,0.00321818273244
pos_all.gml,pos,true cause of autism,1,0.00105596620908,0.0,0.0
pos_all.gml,pos,true-believer cohort,1,0.00105596620908,0.0,0.0
pos_all.gml,pos,unable to speak,1,0.00105596620908,0.0,0.0
pos_all.gml,pos,unconscionable,1,0.00105596620908,0.0,0.0
pos_all.gml,pos,unethical,1,0.00105596620908,0.0,0.0
pos_all.gml,pos,uninformed,2,0.00211193241816,0.0,0.0
pos_all.gml,pos,universities,1,0.00105596620908,0.0,0.0
pos_all.gml,pos,unlikely,1,0.00105596620908,0.0,0.0
pos_all.gml,pos,unvaccinated,3,0.00316789862724,6.69746009988e-06,0.00211193241816
pos_all.gml,pos,unvaccinated children,5,0.00527983104541,7.81370344986e-06,0.00316789862724
pos_all.gml,pos,unvaccinated clusters,2,0.00211193241816,0.0,0.0496792313464
pos_all.gml,pos,unvaccinated high-risk children,1,0.00105596620908,0.0,0.0
pos_all.gml,pos,unvaccinated religious community,1,0.00105596620908,0.0,0.0
pos_all.gml,pos,unvaccinated worker,1,0.00105596620908,0.0,0.00105596620908
pos_all.gml,pos,unvaccinated workers,1,0.00105596620908,0.0,0.00105596620908
pos_all.gml,pos,unvaccinated-friendly day care centres,4,0.00422386483633,0.000324826814844,0.00237592397043
pos_all.gml,pos,vaccinated,6,0.00633579725449,0.000162971529097,0.00105596620908
pos_all.gml,pos,vaccinated children,6,0.00633579725449,0.000379522738993,0.0489061273116
pos_all.gml,pos,vaccinated children and unvaccinated children,4,0.00422386483633,0.0,0.0
pos_all.gml,pos,vaccinated girls,3,0.00316789862724,6.69746009988e-05,0.0137361458092
pos_all.gml,pos,vaccinated high-risk children,3,0.00316789862724,6.69746009988e-06,0.00292421411746
pos_all.gml,pos,vaccinated individuals,1,0.00105596620908,0.0,0.0
pos_all.gml,pos,vaccinated people,1,0.00105596620908,0.0,0.00105596620908
pos_all.gml,pos,vaccinated students,2,0.00211193241816,0.0,0.0
pos_all.gml,pos,vaccinating,1,0.00105596620908,0.0,0.0502038208402
pos_all.gml,pos,vaccination,23,0.0242872228089,0.0113504965848,0.067202652555
pos_all.gml,pos,vaccination exemptions,2,0.00211193241816,0.0,0.0508547929022
pos_all.gml,pos,vaccination of pregnant women,1,0.00105596620908,0.0,0.00105596620908
pos_all.gml,pos,vaccination rate,1,0.00105596620908,0.0,0.0
pos_all.gml,pos,vaccination rates,5,0.00527983104541,0.00283931379312,0.0432760964047
pos_all.gml,pos,vaccination recommendations,1,0.00105596620908,0.0,0.0
pos_all.gml,pos,vaccination requirements,1,0.00105596620908,0.0,0.0
pos_all.gml,pos,vaccinations,10,0.0105596620908,0.000826020078985,0.00527983104541
pos_all.gml,pos,vaccinations should be voluntary,1,0.00105596620908,0.0,0.0
pos_all.gml,pos,vaccine,7,0.00739176346357,0.000820048177063,0.0587060592077
pos_all.gml,pos,vaccine avoidance,1,0.00105596620908,0.0,0.0
pos_all.gml,pos,vaccine campaign,2,0.00211193241816,0.0,0.0490714518778
pos_all.gml,pos,vaccine debate,3,0.00316789862724,3.34873004994e-06,0.00105596620908
pos_all.gml,pos,vaccine delay,1,0.00105596620908,0.0,0.0472127317233
pos_all.gml,pos,vaccine delivery,2,0.00211193241816,3.34873004994e-06,0.00105596620908
pos_all.gml,pos,vaccine efficacy,2,0.00211193241816,5.5812167499e-07,0.00105596620908
pos_all.gml,pos,vaccine exemption,6,0.00633579725449,1.00461901498e-05,0.00659978880676
pos_all.gml,pos,vaccine exemptions,2,0.00211193241816,0.0,0.0
pos_all.gml,pos,vaccine hesitancy,1,0.00105596620908,0.0,0.0
pos_all.gml,pos,vaccine information sources,1,0.00105596620908,0.0,0.0
pos_all.gml,pos,vaccine is worse than disease,1,0.00105596620908,0.0,0.0
pos_all.gml,pos,vaccine mandates,5,0.00527983104541,0.000173017719247,0.0112687408496
pos_all.gml,pos,vaccine message,5,0.00527983104541,0.000716628230687,0.0481237568111
pos_all.gml,pos,vaccine opponents,1,0.00105596620908,0.0,0.0386319899285
pos_all.gml,pos,vaccine potency,2,0.00211193241816,0.0,0.00241363704933
pos_all.gml,pos,vaccine rates,2,0.00211193241816,0.0,0.0464976968422
pos_all.gml,pos,vaccine refusal,3,0.00316789862724,0.0,0.0477646242976
pos_all.gml,pos,vaccine refusal rates,1,0.00105596620908,0.0,0.00158394931362
pos_all.gml,pos,vaccine refusing,1,0.00105596620908,0.0,0.0
pos_all.gml,pos,vaccine requirements,1,0.00105596620908,0.0,0.0
pos_all.gml,pos,vaccine safety,3,0.00316789862724,0.0,0.0
pos_all.gml,pos,vaccine safety fears,1,0.00105596620908,0.0,0.0
pos_all.gml,pos,vaccine side effects,1,0.00105596620908,0.0,0.0
pos_all.gml,pos,vaccine success,1,0.00105596620908,0.0,0.0
pos_all.gml,pos,vaccine-autism link,7,0.00739176346357,0.000345596914321,0.00600233424109
pos_all.gml,pos,vaccine-autism question,2,0.00211193241816,0.0,0.0
pos_all.gml,pos,vaccine-free day care centre,1,0.00105596620908,0.0,0.0
pos_all.gml,pos,vaccine-free day care centres,5,0.00527983104541,0.000647421142989,0.0051742344245
pos_all.gml,pos,vaccine-preventable diseases,8,0.00844772967265,0.00852603414365,0.0575450045468
pos_all.gml,pos,vaccines,50,0.0527983104541,0.0148317885057,0.0713124921938
pos_all.gml,pos,vaccines are effective,1,0.00105596620908,0.0,0.0
pos_all.gml,pos,vaccines are not necessary,1,0.00105596620908,0.0,0.0
pos_all.gml,pos,vaccines are safe,1,0.00105596620908,0.0,0.0
pos_all.gml,pos,vaccines cause autism,2,0.00211193241816,0.0,0.0
pos_all.gml,pos,vaccines cause neurological problems,1,0.00105596620908,0.0,0.0
pos_all.gml,pos,vaccines do not cause autism,4,0.00422386483633,0.0,0.0
pos_all.gml,pos,vague choice,1,0.00105596620908,0.0,0.0
pos_all.gml,pos,variation,2,0.00211193241816,1.11624334998e-06,0.00105596620908
pos_all.gml,pos,varicella vaccine,3,0.00316789862724,7.4416223332e-07,0.00211193241816
pos_all.gml,pos,variety of medical conditions,2,0.00211193241816,0.0,0.00187727326059
pos_all.gml,pos,vast amounts of money,1,0.00105596620908,0.0,0.00105596620908
pos_all.gml,pos,vast amounts of time,1,0.00105596620908,0.0,0.00105596620908
pos_all.gml,pos,victims,1,0.00105596620908,0.0,0.0
pos_all.gml,pos,video,1,0.00105596620908,0.0,0.0
pos_all.gml,pos,virus,1,0.00105596620908,0.0,0.0
pos_all.gml,pos,vitamins,1,0.00105596620908,0.0,0.0
pos_all.gml,pos,voluntary,1,0.00105596620908,0.0,0.0
pos_all.gml,pos,vomiting,1,0.00105596620908,0.0,0.0
pos_all.gml,pos,waiting longer,2,0.00211193241816,0.0,0.0541265179514
pos_all.gml,pos,we,3,0.00316789862724,0.0,0.00316789862724
pos_all.gml,pos,wealthier regions,2,0.00211193241816,0.0,0.0
pos_all.gml,pos,what we already knew,3,0.00316789862724,2.23248669996e-06,0.00211193241816
pos_all.gml,pos,whooping couch vaccine,1,0.00105596620908,0.0,0.0
pos_all.gml,pos,whooping cough,6,0.00633579725449,0.000714953865662,0.0501716257137
pos_all.gml,pos,withholding vaccines,4,0.00422386483633,0.00263656679265,0.0621493218059
pos_all.gml,pos,women,3,0.00316789862724,0.000361662845394,0.00211193241816
pos_all.gml,pos,women previously exposed to HPV,5,0.00527983104541,0.0,0.0
pos_all.gml,pos,women without previous HPV,1,0.00105596620908,0.0,0.0
pos_all.gml,pos,worried,1,0.00105596620908,0.0,0.0
pos_all.gml,pos,written down,1,0.00105596620908,0.0,0.0
pos_all.gml,pos,young adults,2,0.00211193241816,0.0,0.0116636267639
pos_all.gml,pos,young age group,2,0.00211193241816,0.0,0.0
pos_all.gml,pos,young children,3,0.00316789862724,0.0,0.0
pos_all.gml,pos,young women,1,0.00105596620908,0.0,0.00105596620908
pos_all.gml,pos,younger sibling of child with autism,1,0.00105596620908,0.0,0.00219992960225
pos_all.gml,pos,younger siblings of children with ASD,1,0.00105596620908,0.0,0.0
